Title,isPopular
What are the 7 wonders of reddit?,1
What's something that's technically true but extremely misleading?,1
999/911 operators what was the first call you had to take?,1
What is the most unexpected death in a movie or TV series?,1
What is the most intimidating thing to say before a fight?,1
"Fast food workers, what menu item do you hate making the most? Why?",1
"If you could freeze time for one hour, what would you do?",1
When did you realize you were not average?,1
"You have $10,000,000 USD, but you can only buy things that start with the first letter of your name. What do you buy?",1
What are some shitty tips for the first time having sex?,0
"Gamers, what is the biggest problem in your favorite game's community?",1
What were you known as back in high school?,1
"If Hitler owned a gay night club, what would it be called?",1
What's your 'I was a weird child' story?,0
"Introverts, how do you avoid the annoying small talk when getting your hair cut?",1
Reddit how can you identify a redditor in the wild?,0
What is the one thing that makes you angriest the fastest?,0
"April fools is next month, what are some semi-elaborate, funny, cheap pranks can you pull on your family and SO?",1
"Depression sufferers of Reddit, what do you do in order to keep yourselves stable during periods of intense unhappiness?",0
"Redditors who were homeschooled, how did you feel about it as a child? How do you feel about it now, as an adult?",0
What's the weirdest thing your pet has ever done?,1
"What is the most toxic subreddit, and why?",0
What is society doing now that will be laughed at and ridiculed in twenty years time?,1
"Reddit, what extremely unethical practices are widely accepted?",1
You've been kidnapped. The characters from the last TV show you watched are trying to rescue you. What is your fate?,0
What stupid thing did you do as a child?,0
What type of person do you have the most respect for?,0
"Beside the designers who use regular buttons in clothes for 1-2 year old kids, who would you reserve that special place in Hell for?",0
"Reddit, what was the weirdest rule in your school?",0
"[Serious] People who are against the trans community, what is your reasoning?",0
What is the strangest thing some one did to you during sex?,1
Why did we stop throwing rotten fruit and vegetables at public figures we don't like?,0
What is the dumbest thing people take pride in?,0
[Serious] What do you need to vent about?,0
"Ladies, what's one thing a guy can do or say that instantly makes him more attractive?",0
"Redditors who are old enough to remember the OJ Simpson trial, did you believe he was innocent or guilty? Over 20 years later, how do you feel now?",0
How much Alcohol do you drink in a day ?,0
Who are you currently ignoring and why?,1
What's the most consistently funny sitcom of all time?,0
What is something you miss about pre-2008 internet?,0
"People of Reddit, what's your little trick that everyone should know about?",0
"What's your best ""Idiot neighbor story""?",1
What story have you been wanting to post in AskReddit but can't find the right thread for it?,0
"Bookworms of Reddit, what book(s) changed your life?",0
"If you ran a country as a dictator, what would be the first law you implemented?",0
What was the first video game that you played?,1
What tv show/movie can you watch over and over and still love it??,0
which song you would like to be played at funeral?,0
What is an important life skill that you refuse to learn?,0
What was the biggest 'little thing' you learned in High school or college that wasn't necessarily taught?,1
"If you were falling to your death, what's the last thing you would think about?",0
What would you do if every job you were qualified for was eliminated and you were forced to live the rest of your life on Universal Basic Income?,0
What is the soap you are using?,0
What do you find attractive that most people find unattractive?,1
You have to show a 10 second advertisement on national television featuring your personal cell number. Your goal is to have the least amount of callers. How do you do it?,0
"Reddit, what's your favorite hot sauce?",0
Make some ice cream out of the last three foods you have eaten. What is the name of your new ice cream flavor?,0
"Hey Reddit, what are some stereotypes based on your major in college?",0
"Redditors who one day just said, ""Fu** it"" and quit their job to travel the world, how did it all work out?",1
"Whensday spelled Wednesday. What is your example of, it's not pronounced like its spelled?",0
What have you observed multiple times but it still suprises you?,0
What have videogames taught you?,0
What are the Ancient Wonders of the Internet?,0
What movie or TV show quote stuck with you or changed your life?,0
What's the fastest you've ever been in a car?,0
"Without providing context, what is an inside joke you and your friends share?",0
"What are some combinations like ""Peanut butter & Jelly"" that most people don't know about?",1
What will the next 100 years bring in technology?,0
"Without revealing your actual age, what something you remember that if you told a younger person they wouldn't understand?",1
"If you had to make one species extinct, what would it be and why?",0
"Priests of reddit, what was the most ridiculous sin you heard ?",0
"What's something you enjoy doing, but are reluctant to tell others about?",0
If every time you nut you have to scream a movie line what would ya shout?,0
People who hold your phone up to your mouth like an ice cream sandwich instead of holding it to your ear like it was designed: Why?,0
What is the first thing you do when you wake up?,0
What has actually lived up to the hype?,0
"[Serious] Atheists of Reddit, without the benefit of a deity or spirituality, where/in what do you find meaning in life?",0
"If dogs were to have a subreddit, what would be the top rated posts?",0
What do you put on a hot dog?,0
What's the biggest thing you ever got away with?,1
"How do you work out what is ""just you"" and what is something you want to change about yourself?",0
"What is your best ""I called it."" moment?",0
What would be the most ironic celebrity death?,1
"If the world had a ""Hunger Games"", with each country sending its leader as tribute, which country would end up on top?",0
"If money was no issue, what would your dream life look like?",0
"Dentists, why do you try to talk to your patients when your hands and numerous tools are in their mouth?",0
What are you doing right now?,0
What is a useless talent you have?,0
"What movie would have a completely different story if it had a ""ing"" at the end of the title?",0
Can you describe where your from without saying the name?,0
"Teachers of Reddit, what's the saddest thing you've ever found out about a student?",0
What subreddit do you hate and why?,0
What are your best flirting tips?,0
"People who pee on toilet seats and don't wipe it up, why?",0
What video game did you get hooked on as a kid?,0
What have you been dead wrong about?,0
"What scandalous things have happened at your church, mosque, temple, etc.?",0
"So, Reddit, how is your Nintendo Switch?",0
"If you were to fill a notebook with useful information (conversions, equations, codes, alphabets, etc) what would you make sure to put in it?",0
"Have you ever met a future, current or former president in public and if so who was it and what was he like?",0
What?s the third picture on your phone? How does it depict what?s going on in your life right now?,0
"If you had unlimited budget for making just one movie, what would it be about?",0
What is the most important thing in your life?,0
What do you do during an awkward silence?,0
Where is the best/ most unique/ strangest/ worst place you have pooped?,0
[Serious] When did you realize you didn't love your significant other anymore? What did you do next?,0
"Reddit, what are slang terms that were widely used in your youth that are completely obsolete now, and what are still widely used today?",0
What song gets you pumped up every time?,0
"If you had to choose, what would be your most odd, over the top, random, or NSFW subreddit?",0
What word or phrase makes you cringe every time you hear it?,0
What was your last dream about?,0
What's the best car ever made?,0
What's the bravest thing you have ever done?,0
What is your most embarrassing moment with your partner?,0
What is the best trip you've ever taken on a budget?,0
"What's your favorite type of chips, and why?",0
How would you react if your friends mom called you to clean out her pool?,0
"People who have hooked up with coworkers, how did it happen and how did things work out?",0
What are the best board games?,0
What movies made you cry? What was the scene?,0
What part of adulthood has underwhelmed you the most?,0
"If you could have one video game characters ability, what would it be?",0
As an adult what thing/s do you still ask your parents to buy you?,0
"Outside of anything political, what's something extremely annoying about reddit?",0
What are the best Reddit alternatives?,0
Everything you've ever stolen is now shoved up your ass simultaneously. How fucked are you?,0
Seeing the color red makes you orgasm. How do you deal with it?,0
What do you dread happening but also dread not happening?,0
What's your favorite planet in our solar system and why?,0
"How do you determine if a post is ""Upvote-worthy""?",0
"What's your best comeback to ""is that a threat?""",1
What is the worst pet name you've heard?,0
"Redditors, how old were you when you moved out from your parents? Why?",0
Redditors who experience psychosis: What do you do when you feel it coming on? [Serious],1
"What's your best/worst ""I'm not getting this job"" story?",0
"You've been paid $10,000,000 dollars to go into a cryochamber for 25 years, but you cant put the money into a bank and shovels dont exist, how do you plan to make sure no one takes it and/or finds it all?",0
"Lawyers of Reddit, what is the most disturbing case you worked on?",0
"What's the best way to answer, ""Tell me about yourself"" in job interviews?",0
"Reddit, What is your favorite memory from school?",0
What was it like to suddenly wake up in the hospital and what caused you to be there?,0
"Artists of Reddit, what's a good way for someone in their late 20's to learn how to draw?",0
"If you could live in any fictional world, what would it be and why?",0
What phase did you go through that you insisted wasn't just a phase?,0
What was the first operating system you ever had?,0
[Serious]People who have broken off troubled relationships: at what point did you decide it wasn't worth trying to fix it anymore?,0
What's the title of the book that is closest to your present location?,0
What is the dumbest thing you tried that actually worked?,0
what is the most ridiculous theory or belief you have ever heard?,0
How far are we from a world where the average person is unemployed due to automation?,0
Older people of Reddit: What about the younger generations annoys you?,0
How did you lose your virginity?,0
"Honestly, what couldn't you care less about?",0
What is the darkest book you've ever read?,0
What is your ideal life partner like?,0
What's a movie quote that you often find popping into your head for no real reason?,0
What turns you on that goes against your expected gender role?,0
What's the scariest thing that has ever happened to you while on the job?,0
What are some movies that need to be seen by everyone?,0
What's the easiest useful computer hack that even novices can do?,0
Have you had a co-worker get fired? What did they do to get terminated?,0
"If you woke up tomorrow with no fear, what would you do first?",0
What keeps you up at night?,0
"You open your phone to discover that your Netflix app has been replaced with ""Netlicks"" where every movie is now about dogs and cats. What are some of the new titles?",0
What completely blew your mind?,0
What is the worst movie you have ever seen?,0
What's the greatest movie idea never made?,0
"If you could create the perfect drug for yourself, medical or recreational, what effects would you like to see?",0
What is not socially accepted today but eventually become common one day ?,0
What do you find satisfying that most people don't?,0
What's your biggest flaw? How are you working on improving?,0
"Redditors who delete their AskReddit posts after an hour and after I took the time to respond, wtf?",0
What's the best/worst rejection letter for a job/internship that you have ever gotten? [Serious],0
How can you politely tell your SO she has a mustache?,0
What is actually amazing value when you think about it?,0
What thing from the 90s do you think should make a comeback?,0
What is the best thing your teacher ever told you?,0
"When you drink water and it ""goes down the wrong pipe"" what actually happens?",0
Whats the best credit card to get?,0
What's a weird smell you actually like?,0
People who have recieved gold: what did YOU do to get it?,0
"What's your favorite thing in your ""saved"" section?",0
What kinds of food do you like to make/pig out on after not eating anything for a few days?,0
What is the weirdest fact you know?,0
What are some things in life that are way more annoying than it should be?,0
What are the best ways to selecting subjects in college?,0
What is the weirdest subreddit you've found and actually joined?,0
"[Serious] Honestly, would you have been friends with your kids when you were their age? Why/why not?",0
"Redditors who eat other people's food from the work refrigerator even if it doesn't have their name on it, if it's not yours why do you do it?",0
When is the right time to kick ass?,0
"If a world war broke out, which country would you want to be in?",1
What is a good song on its own but would totally kill the vibe at a strip club?,0
What would be the worst fictional army to be conscripted into?,0
"People of Reddit, what general advice would you give to someone starting a new job?",0
"Redditor's that survived a suicide attempt, what was your first thought when you woke up?",0
What actor or actress completely ruins a movie/show for you?,0
what is the most mind-boggling paradox you have ever heard?,0
What would you choose as a last meal ?,0
What is the LEAST intimidating thing you can say before a fight?,0
What's your happiest kindergarten memory?,0
What is the most racist US state?,0
Parents of Reddit: What is the unintentionally funniest thing your young child has said to you?,0
What's the best drink to make with Jack Daniels and how is it made?,0
What are some famous conspiracy theories which ended up being true?,0
"Hey Reddit, what songs do you have on your ultimate sexy time playlist?",0
"You are tasked with making a 6th sense, what is it?",0
What movie do you love to death that you hope never gets a sequel?,0
What is the most productive thing a person can do in their free time?,0
"Reddit, what's the worst baby name you've *personally* seen?",0
How fast can you fall in love with someone?,0
What's the scariest moment you had as a kid that you never told your parents?,0
What do you need to get off your chest?,0
What subreddit do you wish was more active?,0
What are you thinking about?,0
"If you could change a piece of art,which and what would you change?",0
What songs really comfort you when you're feeling down or depressed?,0
What is the first thing you should do when moving into a new apartment?,0
"[Serious] People born in the USSR, how was daily life different to today? Was there anything that was better?",0
[Serious] Was there a moment in your past where having a few extra minutes changed or would have changed the course of your life?,0
What are the best Lateral Thinking Puzzles you know?,0
What is the most interesting question you can ask someone in order to get to know them?,0
What never fails to make you cry?,0
"You are advertising your SO on craigslist, what does your post say?",0
Which movie or tv show would have the greatest effect if you replaced the most important object with a piece of bread?,0
"Reddit, you think you have just invented the world's best razor. Now you have to make a television commercial to prove it. What would you shave or do with your razor in the commercial to prove to the world that it is the worlds best razor?",0
"[Serious] ICU doctors of Reddit, How do you deal with being around death all the time? How has it changed your perspective on your own mortality?",0
What profession is more necessary than people realize?,0
"What is your ""Done in 15 minutes dish""?",0
Who is your favorite person and why?,0
Hairstylists of Reddit why don't you realize I don't want to have a conversation?,0
What's your biggest regret?,0
If aliens came to earth and asked you to take them to the leader. Who would you take them to see?,0
"If Benito Mussolini owned a restaurant chain, what would it be called?",0
All candy/snack are outlawed as of tomorrow and only available on the black market. How much are you willing to pay for your snack fix?,0
What song you shouldn't play on a funeral?,0
What big goal in your life have you accomplished so far?,0
What is your greatest food truck name?,0
"What's a food you ""haven't lived until you tried"" from your country, territory, or state?",0
"[Serious]With the recent WikiLeaks release, will anything change and how?",0
"What is the most difficult ""Would you Rather"" question?",0
What are the 7 evils of Reddit?,0
What are some proven to be false notions or concepts that humanity believed until recently?,0
"When have you given, or what made you give, money to a beggar?",0
What's the most beautiful thing you've ever seen?,1
What is the most expensive thing you broke?,0
"What is an unconventional, beautifully sounding instrument?",0
Where are the best places to get free birthday stuff?,0
What's the most annoying thing your close friends do?,0
What are some tasty dishes to make for lent?,0
"If you were to change/add some ways to the way you were raised, what would they be?",0
"April fools is next month, what are some semi-elaborate, funny, cheap pranks can you pull on your family and SO?",0
Phlebotomist of Reddit: What do you like or dislike about your job?,0
"Redditors worldwide, what should we NOT DO while in your country?",0
What are you 'Scared' of?,0
"What movie do you hate, that everyone else seems to love?",1
What is a word you love to use that isn't found in the dictionary?,0
What can totally impress you?,0
"What is something you want to tell your SO, but you're afraid if you did they would leave you?",0
"[Serious]Religious people of Reddit, what is your reaction to the claim that religion is the leading cause of violence and intolerance worldwide?",0
"How did you join Reddit, and what made you stay?",0
"What are simply, quick, and easy to make snacks that are amazingly delicious ?",0
"People who have worked in call centers, what is your WORST call experience?",0
"Movie goers of Reddit, what pisses you off at the theaters?",0
What's an odd but invaluable skill everyone should learn?,0
Married people of reddit howed you know your SO was the one for you?,0
Hey Reddit: What was the most boring class that you had to take in college for your degree?,0
When did you realize what you wanted to do in life?,0
What have been some of the most interesting scandals in history ?,0
"If the classic action of a magician is to pull a rabbit out of a hat, what is the equivalent for other professions?",0
What two characters from different shows would combine to make the best sitcom?,0
"What's the last thing you took a ""sick day"" for?",0
What are some entries in the book of clich‚s?,0
What April Fools prank did you pull on your SO that caused your relationship to go sour?,0
"If you could add an extra day to the week, what would you call it and where in the week would you fit it in?",0
[Serious] What do you lie about online and why?,0
"[Serious] Hey reddit, what's the silliest reason you've been dumped for?",0
What is your closet passion that is totally out of character?,0
what was your life like before the internet?,0
"Sit-Down Restaurant Workers, what makes you hate me, the customer, the most?",0
"what is your favorite ""dark humor"" joke?",0
Which word is correct: ?ma?am? or ?madam??,0
"Who do you know that joined a cult, and how did they change?",0
"Kids who were in schools featured on the children's show Arthur, what was it like?",0
What was the plot twist of your life?,0
What is the most efficient way to learn another language without attending any classes?,0
What movie has a great script ruined by poor acting?,0
What is something people rarely do anymore?,0
"Redditors, have you ever been in a street fight and what are your best tips for one?",0
"Judges of Reddit, what's under the robes?",0
What sneaky thing did you slip into assignments/essays/tests when you were in school?,0
What do upvotes mean to you?,0
"What do you wanna forget, but can't forget?",0
What are some fears you used to have that now seem trivial?,0
Which social norm do you despise the most?,0
"Aside from prostitution and drugs, what are some part-time ""side hustles"" that are lucrative if you have the talent?",0
"[NSFW] Redditors who have literally shit yourself out of fear, what happened?",0
"People who have worked with voodoo or voodoo related rituals, what were your intentions? What was the result?",0
How did you tell them you want this to just be a one-night stand?,0
Hardmode NoFappers: how long did it take you to reach 90 straight days without any PMO?,0
What are the best jobs for broke struggling college students?,0
What don't you like or understand about your generation?,0
What is the weirdest/craziest/stupidest thing you've ever said in an interview for a job and still got the job?,0
What is the most interesting thing you've learned while verifying a redditors claimed fact?,0
What do you hate most about the internet?,0
How has Reddit changed you as a person?,0
"If an alien civilization wanted to know about us and our planet but could only do that by reading books we wrote, what books should they read?",0
"What is something trivial you could make illegal, that would greatly improve your life?",0
What is the weirdest dream(s) you've had?,0
"[Serious] Would it be moral to kill someone, if you knew for a fact that they were planning to kill someone else? Why/why not?",0
"In your opinion, what are the most pressing issues that will face us in 30 years?",0
Which Pokemon would you most like as a pet and why?,0
Who is your favorite Doctor on Doctor Who?,0
What is the best kind of donut?,0
What do you wish was still appropriate to do as an adult?,0
"Fastfood workers of reddit, what shouldnt i order at your workplace?",0
"What would you say to the person that broke your heart for the first time, if you meet her again?",0
What movie have you seen that everyone hated but you enjoyed?,0
What is the one food combination that you just can't resist but everyone else thinks is disgusting?,0
"People of Reddit, what are some cultural faux-pas a foreigner shouldn't commit in your country/region?",0
"Redditors, what epitaph would you want engraved on your tombstone ?",0
Why is Reddit so in love with animals?,0
[Serious]For a story: Has anyone ever done Voice Over work for animated porn? What's it like? Any Anecdotes?,0
What's your story of pissing off a teacher/professor? What happened next?,0
What are easy AND healthy meals that you can quickly make?,0
What's the weirdest thing you've ever done and got paid for it?,0
What are some actual useful life hacks?,0
"Police Officers of Reddit, what's the biggest mistake you've made?",0
How do you get over someone?,0
What was your worst unexpected experience at a motel or airbnb?,0
[Serious]What bad habits do you want to break?,0
"[Serious] People who gild posts and comments, what makes you do it?",0
What is something everybody has but is never used?,0
What do you wish you had known about your spouse before you married him/her?,0
[Serious] How did you get your shit together?,1
"If you could go back in time and witness any event in history, what would you want to see with your own eyes?",0
"People of Reddit who park their cars in parking lots, why do you reverse in the space? What do you gain?",0
[Serious] What event do you think is going to be the next big thing that will change the course of history?,0
Hey Reddit what do you think of ASMR?,0
"[Serious] Hi reddit! What might your reading list look like for the individual who will be in relative isolation (no internet, no phone, northern Canadian Arctic degree of remoteness and wilderness) for a couple of months?",0
"If what was going on in your life was on the front page of a newspaper, what would it say?",0
What's the biggest lie you've ever made up?,0
"What country would you like to live in, besides the one you currently live in now?",0
"Besides 'baby', what unique pet names did your SO give you?",0
Which soap is best for pimples and pimples marks?,0
What top 10 list would you be on?,0
"If you had to masturbate to breathe,what would become=interesting/Complicated and a struggle?",0
"[Serious]For adult redditers who don't like the way their lives have turned out, to what extent do you blame your parents?",0
"If gravity didn't exist on earth, what inventions would be completely useless?",0
What is too often taken for granted?,0
What is the one song that no matter how many years past you still listen to?,0
"Parents of Reddit, which of your children's toys do you secretly enjoy playing with?",0
You have been given the opportunity to get everyone on earth to do the same thing at the exact same time? What do we do?,0
"Non-Americans of Reddit, which problems frequently brought up on this America-centered website can you not relate to?",0
Why do Internet conversations seem to always descend into chaos?,0
When could you not even ?,0
"Those who have switched genders, can you give an honest unbiased opinion on sex from both genders points of view? What was good or bad from each stand point and how different does it feel for each sex?",0
What are 3 things you need to fall asleep?,0
"[Serious] Scientists and Engineers of Reddit, What is the most exciting research in your field at the moment?",0
"Redditors who had the great idea to write a book of your own when you were younger, what was it about?",0
"If you could go back in time to change one thing, where would you go?",0
What is the most expensive thing you broke in your workplace?,0
What are some entertaining things to do on a computer that do not involve the internet?,0
How does it feel to be in a natural disaster?,0
[Serious]What was the last thing somebody said to you before they died?,0
"What is your ""go to"" meal? [serious]",0
"Cab drivers of Reddit, who are you ALWAYS on the phone with?",0
"Adults of Reddit, how did you realize what you wanted to do in life?",0
What is your passion and why?,0
[Serious] [NSFW] People who have hooked up with a celebrity... How was it?,0
Which company has the worst Customer Support?,0
"If you could send a message to the entire world, what would you say in 30 seconds?",0
How do you stop having constant mood swings?,0
What's you're favorite copypasta?,0
What is easier to create than it is to destroy?,0
What is a flat-earther-ish belief someone you know has?,0
"Who do you hate, and what's the story leading to your hatred?",0
What's something that the longer you think about it makes no sense ?,0
What is the most ridiculous lawsuit that won?,0
What's the hardest news you've had to break to someone?,0
People who have been shot. What happened?,0
What?s the most shocking thing you?ve ever caught a family member doing?,1
"Reddit, what is your story of someone with severe daddy/mommy issues?",0
Have you met a celebrity and where and how did you meet him/her?,0
What fictional death did you see coming?,0
What show had the worst ending?,0
Why is it difficult to stay friends with an ex after a breakup?,0
"Gamers, what is the best thing about your favourite game's community?",0
What subs are a must for new Redditors?,0
What would be the best books for someone who hasn't read a book in years? And why?,0
What do you miss most about your teenage years?,0
"What is the ""maintenance"" that game servers go down for?",0
What's the weirdest thing your pet has seen you do?,0
"[Serious] Men of Reddit, how do you feel about your penis?",0
What is the Greatest Lesson you have Learnt Through Suffering?,0
What are the 7 deadly sins of reddit?,0
"Reddit, what happened to your best friend?",0
"Sex workers of Reddit, what was your most interesting customer like?",0
What are my odds of being a victim of a terror attack versus my odds of having to file for bankruptcy for being uninsured?,0
"People who got low-mediocre grades in college, where are you now?",0
What's a common misconception about the country you are from?,0
"Reddit, what's something you've done that you want to brag about, but never get the chance to?",0
How far is walking distance to you?,0
Paramedics/police/firefighters - what was the toughest emergency you responded to?,0
Users of Reddit: What are your favorite Queen/Freddy Mercury Songs?,0
"What, if any, technology used by the Gov't in the 1998 movie Enemy of the State that is not real today?",0
[Serious]How can one improve communication skills as a poorly spoken adult?,0
"[Serious] Can terminally ill people try new healing technologies/methods which are still in testing phase to get better? If not, why should or should it not be able to try those newer technologies?",0
"You've just become the CEO of Reddit, what's the first thing you change?",0
"What is one thing you love, and one thing you hate about yourself?",0
"[Serious] Parents of reddit, what is something that you would like to have in public spaces that your kids could use or play with when you have free time?",0
What's the big drama happening in your niche hobby that a layman just wouldn't understand?,0
What are some books you've recently read that you'd recommend?,0
"Spouses and SOs of reddit that have had partners who went through large weight gain/loss, did you or are you noticing a change in your attraction to them? Why or why not?",0
What's your secret talent that you've kept hidden?,0
"Detectives of Reddit, how liberal are you with using the names of victims during an investigation?",0
What is your best Craigslist story?,0
"Music Fans of Reddit: Who is the most disappointing act live that you've seen? Or, who was the most surprising that you didn't expect much from?",0
Which are some of the most haunted places on the earth that have highest paranormal activity?,0
"If you could have ONE super power, but the rest of your life remains the same, what would it be?",0
"People of Reddit, do you think cyberwarfare is a good thing or a bad thing? If so, why?",0
"You get to spend a day with both Michael Jackson and Tupac, and have unlimited funds. What do you do?",0
How are you today?,0
"Why and What did you search using Bing, Yahoo...etc. rather than Google?",0
Rich folks of Reddit: what did you grow up thinking was normal that actually wasn't?,0
What's the biggest soda brand in your house?,0
what's the farthest you have taken it to in a truth or dare game?,0
What are some must have apps/software for windows?,0
Why do use Reddit?,0
Which meme has overstayed its welcome?,0
What quote from a TV show or movie do you use the most in your life?,0
What is your current first world problem?,0
What gifs convey the exact opposite message/meaning when reversed?,0
"If aliens ever invaded the Earth, what do you think the world leaders have been briefed to do (i.e. Surrender, attack etc)?",0
[Serious] What are some way to make some extra money on the internet?,0
"Reddit, what are some essential keyboard shortcuts?",0
What made you laugh hysterically when you were by yourself?,0
"Parents of Reddit: what was your first ""oh sh*t I've become my parents!"" moment?",0
"Reddit, what is the coolest thing you've ever done but was either seen by no one or done by accident?",0
What is a combination of words that has probably never been written or spoken?,0
What's your crazy ex story?,0
"Besides your job, what do you think about during work?",0
What was the dumbest thing you believed as as a child?,0
What is your purpose in life?,0
"Hey reddit, you got only one night in a city left and want to score, what line do you drop?",0
"If your family or friends made a thorough search of your bedroom, what thing found there would they be most surprised by?",0
"Ladies/Guys of reddit, have you ever jacked off a guy named Jack and what joke did you make out of it?",0
How did you study through school that helped you pass your classes?,0
What one problem in your life do you wish could just disappear?,0
"Americans of Reddit, why do you think the federal government has refused to reschedule marijuana for so long?",0
What is/was the most pointless job in history?,0
What is the name of your best friend?,0
What is your go to outfit when trying to get laid?,0
If you created your own religion that a lot of people would follow what would it be?,0
"The Grim Reaper stands before you & tells you it's time to die, unless you can beat him 1-on-1 at a game of your choosing. What game do you choose & why?",0
What's the strangest ringtone you've ever heard?,0
What is the minimum number of participants for a circlejerk?,0
What's a subreddit (besides AskReddit) you can stay on all day and stay occupied?,0
What was the funniest moment of your life that you can remember?,0
"[NSFW] Reddit, what was your longest sex session?",0
"Parents of Reddit, what is the weirdest thing your kid has eaten?",0
"If you were given complete political control of your country for 1 month, but could not extend your reign beyond one month, what would you do with the power?",0
What are some of the best browser games you know?,0
Who are you obsessively stalking online?,0
What is the weirdest birth name you've heard?,0
"Every actor who has won the Oscars' Best Leading Actor playing the character that won them the award, enter an arena to fight to the death. Who comes out on top?",0
"In an attempt to use up groceries and save money, what is the most random recipe you've made using the ingredients available in your kitchen?",0
"Dogs of Reddit, who's a good boy?",0
What stupid sh*t did you believe as a kid and how weird was it learning the truth about it?,0
"Pet owners of reddit, what's the most ridiculous thing you've caught your pet doing?",0
What are your feelings on concealed carry and why?,0
"What are the deepest, darkest subs of Reddit?",0
If you could build a castle where would it be and why?,0
What basic thing should everyone know how to do?,0
What are the voice commands that you would like to use at work?,0
[Serious] What's the creepiest/most terrifying story and or experience that has happened to you or someone you know?,0
What is your favorite felony?,0
What pisses you off at work?,1
What's the most unbelievable paranormal event that you have experienced?,0
What's the biggest secret you've kept from your parents and for how long did you keep it from them? Will you ever tell them?,0
Antisocial people of reddit what was the best advice given to you to overcome your social anxieties?,0
"If you got to make a rule in society, but it must start with ""Hear ye, hear ye!"" and must be written in Shakespearian English, which one would it be?",0
[Serious] How can a person open up and take life less seriously?,0
[Serious] What frustrates you the most about Redditors?,0
What embarrassing moment have you witnessed someone else have long ago that they probably still think about?,0
"If your father gave you a small loan of a million dollars, how would you invest it?",0
How do you want YOUR funeral to go down?,0
"If you were a Care Bear, what would be on your belly?",1
Which two universes (such as GoT and Harry Potter) would be most entertaining in a Space Jam type scenario?,0
What is Reddit's greatest shame?,0
How do you deal with line skippers?,0
Why are you leaving or have left your job?,0
What do you feel guilty for doing?,0
What is your favorite Rap lyric?,0
Have you ever quit a job within the first week? Why? What happened?,0
"Bartenders of Reddit: How frequently people order a ""Martini, shaken not stirred""?",0
What's something you don't pull your rose-tinted glasses off for?,0
Redditors what are the most overrated animes?,0
"Linguists of Reddit, which languages do you find are worth learning?",0
Why isn't there a single major leak by Wikileaks on Russia over the years?,0
In what ways has your childhood poverty affected you as an adult?,0
"People with ADD, how dose it effect your daily life?",0
